INSERT INTO categorie (id, name)
VALUES (1, 'Alimentaire'),
       (2, 'Animaux'),
       (3, 'Bébé'),
       (4, 'Automobile'),
       (5, 'Maison');

INSERT INTO invention (id, categorie_id, name, description, annee)
VALUES (1, 1, 'The Selfie Toaster', 'Toaster that toasts your face onto bread', STR_TO_DATE('01-01-2014', '%d-%m-%Y')),
       (2, 2, 'The Dog Translator',
        'Translates barks into human language',
        STR_TO_DATE('01-01-2002', '%d-%m-%Y')),
       (3, 3, 'The Baby Mop',
        'Onesie with mop-like material on the bottom for cleaning while crawling',
        STR_TO_DATE('01-01-2012', '%d-%m-%Y')),
       (4, 4,
        'The Neck-mounted Umbrella',
        'An umbrella that attaches to your neck to keep your hands free',
        STR_TO_DATE('01-01-2017', '%d-%m-%Y')),
       (5, 5,
        'The Motorized Ice Cream Cone',
        'Spins the ice cream for you',
        STR_TO_DATE('01-01-2005', '%d-%m-%Y')),
       (6, 1, 'The Pizza Scissors',
        'Scissors that cut pizza',
        STR_TO_DATE('01-01-2004', '%d-%m-%Y')),
       (7, 2, 'The Plant Whisperer',
        'Device that translates plants’ needs into human language',
        STR_TO_DATE('01-01-2019', '%d-%m-%Y')),
       (8, 3, 'The Baby Cage',
        'Hanging cage for apartment windows to put your baby in for fresh air and sunshine',
        STR_TO_DATE('01-01-1937', '%d-%m-%Y')),
       (9, 4,
        'The Baby Stroller Scooter',
        'Stroller that converts into a scooter',
        STR_TO_DATE('01-01-2016', '%d-%m-%Y')),
       (10, 5, 'The Bed-Making Machine',
        'Robot that makes your bed for you',
        STR_TO_DATE('01-01-2013', '%d-%m-%Y')),
       (11, 1, 'The Tortilla Toaster',
        'Toaster that toasts tortillas',
        STR_TO_DATE('01-01-2009', '%d-%m-%Y')),
       (12, 2, 'The Pocket Fish Tank',
        'Fish tank small enough to fit in your pocket',
        STR_TO_DATE('01-01-2015', '%d-%m-%Y')),
       (13, 3,
        'The Baby Mop Onesie for Adults',
        'Onesie with mop-like material on the bottom for cleaning while crawling',
        STR_TO_DATE('01-01-2019', '%d-%m-%Y')),
       (14, 4, 'The Baby Bottle Holder',
        'Holds your baby’s bottle for you',
        STR_TO_DATE('01-01-2010', '%d-%m-%Y')),
       (15, 5, 'The Self-Stirring Mug',
        'Mug that stirs itself with the push of a button',
        STR_TO_DATE('01-01-2006', '%d-%m-%Y')),
       (16, 1, 'The Pancake Printer',
        'Printer that prints pancakes in any shape you want',
        STR_TO_DATE('01-01-2018', '%d-%m-%Y')),
       (17, 2, 'The Smart Belt',
        'Belt that tracks your waistline and gives you a warning if you gain weight',
        STR_TO_DATE('01-01-2020', '%d-%m-%Y')),
       (18, 3, 'The Portable Sauna',
        'Sauna that you can take with you anywhere',
        STR_TO_DATE('01-01-2008', '%d-%m-%Y')),
       (19, 4,
        'The Inflatable Car Jack',
        'Inflatable car jack that lifts your car up',
        STR_TO_DATE('01-01-2003', '%d-%m-%Y')),
       (20, 5,
        'The Motorized Spaghetti Fork',
        'Fork that winds up your spaghetti for you',
        STR_TO_DATE('01-01-2007', '%d-%m-%Y'));

INSERT INTO inventeur (id, name, pays, description)
VALUES (1, 'Thomas Edison', 'US', 'Lorem ipsum dolor sit amet, consectetur adipiscing elit. In vitae interdum erat. Proin neque nulla, tincidunt vitae fringilla vel, finibus ultricies tortor. Lorem ipsum dolor sit amet, consectetur adipiscing elit. Pellentesque pellentesque libero nec augue congue, a tincidunt sem lobortis. Cras aliquet tellus orci. Mauris et dui neque. Ut condimentum molestie lacus. Etiam nulla velit, faucibus id neque sed, maximus fringilla libero'),
       (2, 'Nikola Tesla', 'RS', 'Lorem ipsum dolor sit amet, consectetur adipiscing elit. In vitae interdum erat. Proin neque nulla, tincidunt vitae fringilla vel, finibus ultricies tortor. Lorem ipsum dolor sit amet, consectetur adipiscing elit. Pellentesque pellentesque libero nec augue congue, a tincidunt sem lobortis. Cras aliquet tellus orci. Mauris et dui neque. Ut condimentum molestie lacus. Etiam nulla velit, faucibus id neque sed, maximus fringilla libero'),
       (3, 'Marie Curie', 'PL', 'Lorem ipsum dolor sit amet, consectetur adipiscing elit. In vitae interdum erat. Proin neque nulla, tincidunt vitae fringilla vel, finibus ultricies tortor. Lorem ipsum dolor sit amet, consectetur adipiscing elit. Pellentesque pellentesque libero nec augue congue, a tincidunt sem lobortis. Cras aliquet tellus orci. Mauris et dui neque. Ut condimentum molestie lacus. Etiam nulla velit, faucibus id neque sed, maximus fringilla libero'),
       (4, 'Alexander Graham Bell', 'GB', 'Lorem ipsum dolor sit amet, consectetur adipiscing elit. In vitae interdum erat. Proin neque nulla, tincidunt vitae fringilla vel, finibus ultricies tortor. Lorem ipsum dolor sit amet, consectetur adipiscing elit. Pellentesque pellentesque libero nec augue congue, a tincidunt sem lobortis. Cras aliquet tellus orci. Mauris et dui neque. Ut condimentum molestie lacus. Etiam nulla velit, faucibus id neque sed, maximus fringilla libero'),
       (5, 'Leonardo da Vinci', 'IT', 'Lorem ipsum dolor sit amet, consectetur adipiscing elit. In vitae interdum erat. Proin neque nulla, tincidunt vitae fringilla vel, finibus ultricies tortor. Lorem ipsum dolor sit amet, consectetur adipiscing elit. Pellentesque pellentesque libero nec augue congue, a tincidunt sem lobortis. Cras aliquet tellus orci. Mauris et dui neque. Ut condimentum molestie lacus. Etiam nulla velit, faucibus id neque sed, maximus fringilla libero'),
       (6, 'Benjamin Franklin', 'US', 'Lorem ipsum dolor sit amet, consectetur adipiscing elit. In vitae interdum erat. Proin neque nulla, tincidunt vitae fringilla vel, finibus ultricies tortor. Lorem ipsum dolor sit amet, consectetur adipiscing elit. Pellentesque pellentesque libero nec augue congue, a tincidunt sem lobortis. Cras aliquet tellus orci. Mauris et dui neque. Ut condimentum molestie lacus. Etiam nulla velit, faucibus id neque sed, maximus fringilla libero'),
       (7, 'Galileo Galilei', 'IT', 'Lorem ipsum dolor sit amet, consectetur adipiscing elit. In vitae interdum erat. Proin neque nulla, tincidunt vitae fringilla vel, finibus ultricies tortor. Lorem ipsum dolor sit amet, consectetur adipiscing elit. Pellentesque pellentesque libero nec augue congue, a tincidunt sem lobortis. Cras aliquet tellus orci. Mauris et dui neque. Ut condimentum molestie lacus. Etiam nulla velit, faucibus id neque sed, maximus fringilla libero'),
       (8, 'Johannes Gutenberg', 'DE', 'Lorem ipsum dolor sit amet, consectetur adipiscing elit. In vitae interdum erat. Proin neque nulla, tincidunt vitae fringilla vel, finibus ultricies tortor. Lorem ipsum dolor sit amet, consectetur adipiscing elit. Pellentesque pellentesque libero nec augue congue, a tincidunt sem lobortis. Cras aliquet tellus orci. Mauris et dui neque. Ut condimentum molestie lacus. Etiam nulla velit, faucibus id neque sed, maximus fringilla libero'),
       (9, 'George Washington Carver', 'US', 'Lorem ipsum dolor sit amet, consectetur adipiscing elit. In vitae interdum erat. Proin neque nulla, tincidunt vitae fringilla vel, finibus ultricies tortor. Lorem ipsum dolor sit amet, consectetur adipiscing elit. Pellentesque pellentesque libero nec augue congue, a tincidunt sem lobortis. Cras aliquet tellus orci. Mauris et dui neque. Ut condimentum molestie lacus. Etiam nulla velit, faucibus id neque sed, maximus fringilla libero'),
       (10, 'Ada Lovelace', 'GB', 'Lorem ipsum dolor sit amet, consectetur adipiscing elit. In vitae interdum erat. Proin neque nulla, tincidunt vitae fringilla vel, finibus ultricies tortor. Lorem ipsum dolor sit amet, consectetur adipiscing elit. Pellentesque pellentesque libero nec augue congue, a tincidunt sem lobortis. Cras aliquet tellus orci. Mauris et dui neque. Ut condimentum molestie lacus. Etiam nulla velit, faucibus id neque sed, maximus fringilla libero');

INSERT INTO invention_inventeur (invention_id, inventeur_id)
VALUES (1, 1),
       (2, 2),
       (3, 3),
       (3, 5),
       (4, 1),
       (4, 4),
       (5, 5),
       (6, 6),
       (7, 7),
       (8, 8),
       (8, 9),
       (9, 1),
       (9, 2),
       (10, 4),
       (11, 3),
       (12, 5),
       (12, 6),
       (13, 7),
       (14, 8),
       (14, 10),
       (15, 2),
       (15, 9),
       (16, 1),
       (17, 3),
       (18, 4),
       (19, 6),
       (20, 7),
       (20, 10);